{
  "Actor": {
    "types": ["minchar"],
    "templates": {
      "base": {
        "infiniteAttrs": {
          "iq": {
            "label": "IQ",
            "value": 0
          },
          "will": {
            "label": "Will",
            "value": 0
          },
          "charisma": {
            "label": "Char",
            "value": 0
          },
          "know": {
            "label": "Know",
            "value": 0
          },
          "vision": {
            "label": "Vis",
            "value": 0
          },
          "hearing": {
            "label": "Hearing",
            "value": 0
          },
          "tasteSmell": {
            "label": "Taste & Smell",
            "value": 0
          },
          "fright": {
            "label": "Fright",
            "value": 0
          },
          "sanity": {
            "label": "Sanity",
            "value": 0
          }
        },
        "race": {
          "label": "Race",
          "value": ""
        },
        "gender": {
          "label": "Gender",
          "value": ""
        },
        "posture": {
          "label": "Posture",
          "value": "Standing"
        },
        "gmod": {
          "label": "G-Mod",
          "value": 0
        },
        "dmod": {
          "label": "DB",
          "value": 0
        },
        "biography": "",
        "secondaryAttributes": {
          "hp": {
            "label": "HP",
            "state": "[H]",
            "value": 10,
            "max": 10
          },
          "fp": {
            "label": "FP",
            "state": "[F]",
            "value": 10,
            "max": 10
          },
          "dr": {
            "label": "DR",
            "value": 2
          },
          "move": {
            "label": "Move",
            "value": 5
          },
          "bs": {
            "label": "BS",
            "value": 5.75
          }
        },
        "defences": {
          "parry": {
            "label": "Parry",
            "value": 0
          },
          "dodge": {
            "label": "Dodge",
            "value": 0
          },
          "block": {
            "label": "Block",
            "value": 0
          }
        },
        "primaryAttributes": {
          "strength": {
            "abbr": "ST",
            "value": 10
          },
          "dexterity": {
            "abbr": "DX",
            "value": 10
          },
          "health": {
            "abbr": "HT",
            "value": 10
          },
          "awareness": {
            "abbr": "Aware",
            "value": 10
          }
        },
        "checks": {
          "chkA": {
            "label": "",
            "value": 10
          },
          "chkB": {
            "label": "",
            "value": 10
          },
          "chkC": {
            "label": "",
            "value": 10
          },
          "chkD": {
            "label": "",
            "value": 10
          },
          "chkE": {
            "label": "",
            "value": 10
          },
          "chkF": {
            "label": "",
            "value": 10
          },
          "chkG": {
            "label": "",
            "value": 10
          },
          "chkH": {
            "label": "",
            "value": 10
          },
          "chkI": {
            "label": "",
            "value": 10
          },
          "chkJ": {
            "label": "",
            "value": 10
          },
          "chkK": {
            "label": "",
            "value": 10
          },
          "chkL": {
            "label": "",
            "value": 10
          },
          "chkM": {
            "label": "",
            "value": 10
          },
          "chkN": {
            "label": "",
            "value": 10
          },
          "chkO": {
            "label": "",
            "value": 10
          },
          "chkP": {
            "label": "",
            "value": 10
          },
          "chkQ": {
            "label": "",
            "value": 10
          },
          "chkR": {
            "label": "",
            "value": 10
          }
        },
        "modifiers": {
          "modA": {
            "label": "",
            "inEffect": false,
            "value": 0
          },
          "modB": {
            "label": "",
            "inEffect": false,
            "value": 0
          },
          "modC": {
            "label": "",
            "inEffect": false,
            "value": 0
          },
          "modD": {
            "label": "",
            "inEffect": false,
            "value": 0
          },
          "modE": {
            "label": "",
            "inEffect": false,
            "value": 0
          },
          "modF": {
            "label": "",
            "inEffect": false,
            "value": 0
          },
          "modG": {
            "label": "",
            "inEffect": false,
            "value": 0
          },
          "modH": {
            "label": "",
            "inEffect": false,
            "value": 0
          },
          "modI": {
            "label": "",
            "inEffect": false,
            "value": 0
          },
          "modJ": {
            "label": "",
            "inEffect": false,
            "value": 0
          },
          "modK": {
            "label": "",
            "inEffect": false,
            "value": 0
          },
          "modL": {
            "label": "",
            "inEffect": false,
            "value": 0
          },
          "modM": {
            "label": "",
            "inEffect": false,
            "value": 0
          },
          "modN": {
            "label": "",
            "inEffect": false,
            "value": 0
          },
          "modO": {
            "label": "",
            "inEffect": false,
            "value": 0
          },
          "modP": {
            "label": "",
            "inEffect": false,
            "value": 0
          },
          "modQ": {
            "label": "",
            "inEffect": false,
            "value": 0
          },
          "modR": {
            "label": "",
            "inEffect": false,
            "value": 0
          }
        }
      }
    },
    "minchar": {
      "templates": ["base"],
      "attacks": {
        "attackA": {
          "wpnName": "",
          "skill": 10,
          "woundType": "",
          "seed": 5
        },
        "attackB": {
          "wpnName": "",
          "skill": 10,
          "woundType": "",
          "seed": 5
        },
        "attackC": {
          "wpnName": "",
          "skill": 10,
          "woundType": "",
          "seed": 5
        },
        "attackD": {
          "wpnName": "",
          "skill": 10,
          "woundType": "",
          "seed": 5
        },
        "attackE": {
          "wpnName": "",
          "skill": 10,
          "woundType": "",
          "seed": 5
        },
        "attackF": {
          "wpnName": "",
          "skill": 10,
          "woundType": "",
          "seed": 5
        },
        "attackG": {
          "wpnName": "",
          "skill": 10,
          "woundType": "",
          "seed": 5
        },
        "attackH": {
          "wpnName": "",
          "skill": 10,
          "woundType": "",
          "seed": 5
        }
      },
      "skills": {
        "skilla": {
          "label": "",
          "value": 10
        },
        "skillb": {
          "label": "",
          "value": 10
        },
        "skillc": {
          "label": "",
          "value": 10
        },
        "skilld": {
          "label": "",
          "value": 10
        },
        "skille": {
          "label": "",
          "value": 10
        },
        "skillf": {
          "label": "",
          "value": 10
        },
        "skillg": {
          "label": "",
          "value": 10
        },
        "skillh": {
          "label": "",
          "value": 10
        },
        "skilli": {
          "label": "",
          "value": 10
        },
        "skillj": {
          "label": "",
          "value": 10
        },
        "skillk": {
          "label": "",
          "value": 10
        },
        "skilll": {
          "label": "",
          "value": 10
        },
        "skillm": {
          "label": "",
          "value": 10
        },
        "skilln": {
          "label": "",
          "value": 10
        },
        "skillo": {
          "label": "",
          "value": 10
        },
        "skillp": {
          "label": "",
          "value": 10
        },
        "skillq": {
          "label": "",
          "value": 10
        },
        "skillr": {
          "label": "",
          "value": 10
        },
        "skills": {
          "label": "",
          "value": 10
        },
        "skillt": {
          "label": "",
          "value": 10
        },
        "skillu": {
          "label": "",
          "value": 10
        },
        "skillv": {
          "label": "",
          "value": 10
        },
        "skillw": {
          "label": "",
          "value": 10
        },
        "skillx": {
          "label": "",
          "value": 10
        },

        "skillaa": {
          "label": "",
          "value": 10
        },
        "skillbb": {
          "label": "",
          "value": 10
        },
        "skillcc": {
          "label": "",
          "value": 10
        },
        "skilldd": {
          "label": "",
          "value": 10
        },
        "skillee": {
          "label": "",
          "value": 10
        },
        "skillff": {
          "label": "",
          "value": 10
        },
        "skillgg": {
          "label": "",
          "value": 10
        },
        "skillhh": {
          "label": "",
          "value": 10
        },
        "skillii": {
          "label": "",
          "value": 10
        },
        "skilljj": {
          "label": "",
          "value": 10
        },
        "skillkk": {
          "label": "",
          "value": 10
        },
        "skillll": {
          "label": "",
          "value": 10
        },
        "skillmm": {
          "label": "",
          "value": 10
        },
        "skillnn": {
          "label": "",
          "value": 10
        },
        "skilloo": {
          "label": "",
          "value": 10
        },
        "skillpp": {
          "label": "",
          "value": 10
        },
        "skillqq": {
          "label": "",
          "value": 10
        },
        "skillrr": {
          "label": "",
          "value": 10
        },
        "skillss": {
          "label": "",
          "value": 10
        },
        "skilltt": {
          "label": "",
          "value": 10
        },
        "skilluu": {
          "label": "",
          "value": 10
        },
        "skillvv": {
          "label": "",
          "value": 10
        },
        "skillww": {
          "label": "",
          "value": 10
        },
        "skillxx": {
          "label": "",
          "value": 10
        }
      }
    },
    "fullchar": {
      "templates": ["base"],
      "attacks": {},
      "skills": {}
    }
  },
  "Item": {
    "types": [
      "Equipment",
      "Hit-Location",
      "Rollable",
      "Trait",
      "Melee-Attack",
      "Ranged-Attack",
      "Defence",
      "Modifier",
      "Item"
    ],
    "templates": {
      "base": {
        "notes": "note"
      },
      "onMain": {
        "onMain": false
      },
      "countable": {
        "quantity": 1,
        "cost": ""
      },
      "weighable": {
        "weight": 0
      },
      "level": {
        "level": 0
      },
      "category": {
        "category": ""
      },
      "weapon": {
        "damage": "1d6",
        "damageType": "cut",
        "armourDiv": 1,
        "minST": ""
      }
    },
    "Equipment": {
      "templates": ["base", "countable", "weighable"]
    },
    "Hit-Location": {
      "templates": ["base"],
      "damageResistance": 0,
      "toCripple": "",
      "crippled": false,
      "toHitRoll": "13/18, 2/6",
      "toHitPenalty": 0
    },
    "Item": {
      "templates": ["base"],
      "quantity": 1,
      "weight": 0
    },
    "Melee-Attack": {
      "templates": ["base", "level", "weapon", "weighable", "onMain"],
      "reach": "1"
    },
    "Ranged-Attack": {
      "templates": ["base", "level", "weapon", "onMain"],
      "accuracy": "1",
      "range": "10/15",
      "rof": 1,
      "shots": "",
      "bulk": -4,
      "recoil": ""
    },
    "Rollable": {
      "templates": ["base", "level", "category", "onMain"]
    },
    "Trait": {
      "templates": ["base", "category"]
    },
    "Modifier": {
      "templates": ["base", "onMain"],
      "inEffect": false,
      "modifier": 0,
      "attack": false,
      "defence": false,
      "success": false,
      "reaction": false,
      "damage": false
    },
    "Defence": {
      "templates": ["base", "level", "category", "weighable", "onMain"]
    }
  }
}
